year,temp_c,valid_days,expected_days,missing_days,coverage_pct,min_month_coverage
1978,19.09808219,365,365,0,100.00000000,1.00000000
1979,19.40989011,364,365,1,99.72602740,0.96666667
1980,18.66748634,366,366,0,100.00000000,1.00000000
1981,19.17232877,365,365,0,100.00000000,1.00000000
1982,18.44301370,365,365,0,100.00000000,1.00000000
1983,18.50109589,365,365,0,100.00000000,1.00000000
1984,18.76202186,366,366,0,100.00000000,1.00000000
1985,19.08328767,365,365,0,100.00000000,1.00000000
1986,19.22136986,365,365,0,100.00000000,1.00000000
1987,18.88356164,365,365,0,100.00000000,1.00000000
1988,19.16666667,366,366,0,100.00000000,1.00000000
1989,19.18438356,365,365,0,100.00000000,1.00000000
1990,19.36328767,365,365,0,100.00000000,1.00000000
1991,19.18986301,365,365,0,100.00000000,1.00000000
1992,18.24410959,365,366,1,99.72677596,0.96551724
1993,19.15054945,364,365,1,99.72602740,0.96774194
1994,20.03643836,365,365,0,100.00000000,1.00000000
1995,19.41260274,365,365,0,100.00000000,1.00000000
1996,19.76475410,366,366,0,100.00000000,1.00000000
1997,19.24000000,365,365,0,100.00000000,1.00000000
1998,20.31205479,365,365,0,100.00000000,1.00000000
1999,20.49175824,364,365,1,99.72602740,0.96774194
2000,19.99781421,366,366,0,100.00000000,1.00000000
2001,20.53260274,365,365,0,100.00000000,1.00000000
2002,20.05506849,365,365,0,100.00000000,1.00000000
2003,20.21123288,365,365,0,100.00000000,1.00000000
2004,19.93825137,366,366,0,100.00000000,1.00000000
2005,19.88575342,365,365,0,100.00000000,1.00000000
2006,19.78657534,365,365,0,100.00000000,1.00000000
2007,20.27150685,365,365,0,100.00000000,1.00000000
2008,20.47349727,366,366,0,100.00000000,1.00000000
2009,20.67534247,365,365,0,100.00000000,1.00000000
2010,21.26273973,365,365,0,100.00000000,1.00000000
2011,19.84657534,365,365,0,100.00000000,1.00000000
2012,20.29426230,366,366,0,100.00000000,1.00000000
2013,20.43095890,365,365,0,100.00000000,1.00000000
2014,20.53260274,365,365,0,100.00000000,1.00000000
2015,20.33726027,365,365,0,100.00000000,1.00000000
2016,20.60081967,366,366,0,100.00000000,1.00000000
2017,20.29917808,365,365,0,100.00000000,1.00000000
2018,21.37726027,365,365,0,100.00000000,1.00000000
2019,20.98356164,365,365,0,100.00000000,1.00000000
2020,21.15109290,366,366,0,100.00000000,1.00000000
2021,21.32403315,362,365,3,99.17808219,0.89285714
2022,20.74054795,365,365,0,100.00000000,1.00000000
2023,21.35671233,365,365,0,100.00000000,1.00000000
2024,21.82865169,356,366,10,97.26775956,0.86666667
